ufn,fork_length,weight,k
U1087,85,13.2,2.149399552208427
U23712,91,2.8,0.3715641923587824
